#9202a8c04000641f800000000000cb7c	1809-02-02	Charles Darwin	Shrewsbury
#9202a8c04000641f8000000000020ac3	1749-08-28	Johann Wolfgang von Goethe	Frankfurt
#9202a8c04000641f800000000003dc6c	1766-02-13	Thomas Malthus	Surrey
#9202a8c04000641f8000000000005917	1823-01-08	Alfred Russel Wallace	Llanbadoc
#9202a8c04000641f8000000000010d9a	1797-11-14	Charles Lyell	
#9202a8c04000641f8000000000114253	1744-08-01	Jean-Baptiste Lamarck	Bazentin
#9202a8c04000641f80000000001fa98c	1707-09-07	Georges-Louis Leclerc, Comte de Buffon	Montbard
#9202a8c04000641f8000000000011a50	1711-04-26	David Hume	Edinburgh
#9202a8c04000641f800000000018fa9b	1820-04-27	Herbert Spencer	Derby
#9202a8c04000641f80000000000065ab	1723-06-16	Adam Smith	Kirkcaldy
#9202a8c04000641f800000000462da5a	1785-03-22	Adam Sedgwick	Dent
#9202a8c04000641f80000000001fea72	1817-06-30	Joseph Dalton Hooker	Halesworth
#9202a8c04000641f8000000006e9ac99	
#9202a8c04000641f8000000007606929	
#9202a8c04000641f800000000aab4f9b	
#9202a8c04000641f800000000aab4fde	
#9202a8c04000641f8000000000021021	1859-10-20	John Dewey	Burlington
#9202a8c04000641f800000000003389f	1941-03-26	Richard Dawkins	Nairobi
#9202a8c04000641f8000000000013562	1942-03-28	Daniel Dennett	Boston
#9202a8c04000641f8000000000113068	1861-01-12	James Mark Baldwin	
#9202a8c04000641f800000000001633d	1929-06-10	E. O. Wilson	Birmingham
#9202a8c04000641f8000000000128c02	1861-12-19	Italo Svevo	Trieste
#9202a8c04000641f80000000001cc587	1832-10-02	Edward Burnett Tylor	Camberwell
#9202a8c04000641f800000000000a383	1948-05-15	Brian Eno	Woodbridge
#9202a8c04000641f8000000000056443	1876-01-12	Jack London	San Francisco
#9202a8c04000641f8000000000059732	1840-06-02	Thomas Hardy	Stinsford
#9202a8c04000641f800000000010c961	1890-02-17	Ronald Fisher	East Finchley
#9202a8c04000641f800000000003b0d6	1825-05-04	Thomas Huxley	Ealing
#9202a8c04000641f8000000000016de0	1844-10-15	Friedrich Nietzsche	Röcken
#9202a8c04000641f8000000000059f44	1840-04-02	Émile Zola	Paris
#9202a8c04000641f80000000002010be	1804-09-14	John Gould	Lyme Regis
#9202a8c04000641f80000000002f1a09	1848-08-16	Francis Darwin	Down House
#9202a8c04000641f80000000003f3b0a	1837	Victoria Welby-Gregory, Lady Welby	
#9202a8c04000641f800000000095abbf		David Blitz	Québec
#9202a8c04000641f8000000000eff6d5	1949	Neven Sesardic	Belgrade
#9202a8c04000641f80000000000e0ee3	1921-02-21	John Rawls	Baltimore
#9202a8c04000641f800000000000c344	1904-03-20	B. F. Skinner	Susquehanna Depot
#9202a8c04000641f8000000000209083	1848-05-19	George Romanes	Kingston
#9202a8c04000641f80000000001f624e	1834-04-30	John Lubbock, 1st Baron Avebury	London
#9202a8c04000641f8000000000248b06	1810-11-18	Asa Gray	Sauquot
#9202a8c04000641f80000000006036ab	1887	Salama Moussa	Zagazig
#9202a8c04000641f8000000000adee9f	1832-03-13	J.T. Gulick	Kauai
#9202a8c04000641f8000000000601e7b	1907-09-03	Loren Eiseley	Lincoln
#9202a8c04000641f80000000042b38c1	1963-02	Arthur van Hoff	Netherlands
#9202a8c04000641f80000000009bbf12	1940-09	Kenneth Binmore	
#9202a8c04000641f8000000000129e97	1858-03-15	Liberty Hyde Bailey	South Haven
#9202a8c04000641f80000000002c2358	1926-05-12	George C. Williams	
#9202a8c04000641f800000000001c083	1859-10-18	Henri Bergson	Paris
#9202a8c04000641f800000000bda000e	1847-04-07	Jens Peter Jacobsen	Thisted
#9202a8c04000641f8000000000063ac9	1842-12-09	Peter Kropotkin	Moscow
#9202a8c04000641f80000000007c3e46	1854-09-18	Florentino Ameghino	Luján
#9202a8c04000641f8000000000838fa5		Craig Stanford	
#9202a8c04000641f8000000000022172	1818-05-05	Karl Marx	Trier
#9202a8c04000641f80000000002f37e7	1766-05-30	Robert Darwin	Lichfield
#9202a8c04000641f80000000072b2a3e	1765	Susannah Darwin	
#9202a8c04000641f80000000060b9e25	
#9202a8c04000641f80000000002f19fe	1851-05-13	Horace Darwin	London Borough of Bromley
#9202a8c04000641f800000000aa6f211	1839-12-27	William Erasmus Darwin	
#9202a8c04000641f80000000002f4cb5	1841-03-02	Anne Darwin	
#9202a8c04000641f8000000000335b92	1843-09-25	Etty Darwin	Down House
#9202a8c04000641f800000000aa85f11		Mary Eleanor Darwin	
#9202a8c04000641f800000000aa85f17		Elizabeth Darwin	
#9202a8c04000641f800000000028b7c6	1850-01-15	Leonard Darwin	London Borough of Bromley
#9202a8c04000641f80000000002f3ad8	1856-12-06	Charles Waring Darwin	Down House
#9202a8c04000641f80000000002c7db1	1845-07-09	George Darwin	Down House
#9202a8c04000641f800000001fd5791d	
#9202a8c04000641f80000000001b79d3	1744-08-25	Johann Gottfried Herder	Morąg
#9202a8c04000641f8000000000012393	1713-10-05	Denis Diderot	Langres
#9202a8c04000641f800000000007a847	1689-08-19	Samuel Richardson	Mackworth
#9202a8c04000641f800000000001fda0	1685-03-21	Johann Sebastian Bach	Eisenach
#9202a8c04000641f8000000000040628	1564-04-23	William Shakespeare	Stratford-upon-Avon
#9202a8c04000641f8000000000009688	1632-11-24	Baruch Spinoza	Amsterdam
#9202a8c04000641f800000000001c414	0008	Homer	Greece
#9202a8c04000641f800000000002081d	1712-06-28	Jean-Jacques Rousseau	Geneva
#9202a8c04000641f8000000000078c66	1759-11-10	Johann Christoph Friedrich von Schiller	Marbach am Neckar
#9202a8c04000641f8000000000140b60	1775-01-27	Friedrich Wilhelm Joseph Schelling	Leonberg
#9202a8c04000641f8000000000019d1b	1729-01-22	Gotthold Ephraim Lessing	Kamenz
#9202a8c04000641f800000000012fdea	1668-06-23	Giambattista Vico	Naples
#9202a8c04000641f800000000015fdda	1315	Hafez	Shiraz
#9202a8c04000641f800000000015bc36	1717-12-09	Johann Joachim Winckelmann	Stendal
#9202a8c04000641f8000000000130453	0120	Lucian	Samosata
#9202a8c04000641f80000000003ee61c	1869-02-19	Hovhannes Tumanyan	Dsegh
#9202a8c04000641f8000000000037299	-0624	Sappho	Lesbos Island
#9202a8c04000641f800000000017528e	1688-02-08	Emanuel Swedenborg	Stockholm
#9202a8c04000641f8000000000175b2f	1736-10-27	James Macpherson	Ruthven
#9202a8c04000641f800000000000cb6c	1707-05-23	Carl Linnaeus	Råshult
#9202a8c04000641f80000000054588c4	
#9202a8c04000641f8000000005458b21	
#9202a8c04000641f800000000001a681	1770-08-27	Georg Wilhelm Friedrich Hegel	Stuttgart
#9202a8c04000641f8000000000022162	1906-04-28	Kurt Gödel	Brno
#9202a8c04000641f80000000000ecf2a	1795-12-04	Thomas Carlyle	Ecclefechan
#9202a8c04000641f800000000002727f	1864-04-21	Max Weber	Erfurt
#9202a8c04000641f8000000000027d5d	1797-08-30	Mary Shelley	London
#9202a8c04000641f8000000000036ded	1906-04-13	Samuel Beckett	Foxrock
#9202a8c04000641f8000000000059c6e	1810-06-08	Robert Alexander Schumann	Zwickau
#9202a8c04000641f800000000003b29c	1875-06-06	Thomas Mann	Lübeck
#9202a8c04000641f8000000000115b73	1824-12-10	George MacDonald	Huntly
#9202a8c04000641f800000000016b966	1772-05-02	Novalis	Wiederstedt
#9202a8c04000641f8000000000019d38	1821-12-12	Gustave Flaubert	Rouen
#9202a8c04000641f800000000000407a	1788-02-22	Arthur Schopenhauer	Gdańsk
#9202a8c04000641f800000000001c1f9	1877-07-02	Hermann Hesse	Calw
#9202a8c04000641f8000000000023d7b	1889-04-26	Ludwig Wittgenstein	Linz
#9202a8c04000641f800000000002d200	1880-05-29	Oswald Spengler	Blankenburg am Harz
#9202a8c04000641f8000000000033f6c	1861-02-25	Rudolf Steiner	Donji Kraljevec
#9202a8c04000641f8000000000035b4f	1813-05-05	Søren Kierkegaard	Copenhagen
#9202a8c04000641f80000000000544b7	1875-07-26	Carl Jung	Kesswil
#9202a8c04000641f8000000000077f8e	1927-10-16	Günter Grass	Wrzeszcz
#9202a8c04000641f800000000014591a	1818-10-28	Ivan Turgenev	Oryol
#9202a8c04000641f80000000002ade97	1874-07-28	Ernst Cassirer	Wrocław
#9202a8c04000641f8000000000041774	1770-04-07	William Wordsworth	Cockermouth
#9202a8c04000641f800000000016d82a	1777-10-18	Heinrich von Kleist	Frankfurt
#9202a8c04000641f800000000012f628	1857-03-27	Karl Pearson	London
#9202a8c04000641f8000000000004c74	1869-11-22	André Gide	Paris
#9202a8c04000641f800000000005d510	1820-11-28	Friedrich Engels	Wuppertal
#9202a8c04000641f800000000015c636	1880-04-03	Otto Weininger	Vienna
#9202a8c04000641f8000000000182af9	1866-01-29	Romain Rolland	Clamecy, Nièvre
#9202a8c04000641f80000000005508eb	1799	Almeida Garrett	Porto
#9202a8c04000641f800000000735c76f	1876-01-19	Dragotin Kette	Ilirska Bistrica
#9202a8c04000641f80000000001e951c	1877-11-09	Muhammad Iqbal	Sialkot
#9202a8c04000641f800000000002b03d	1856-07-10	Nikola Tesla	Smiljan
#9202a8c04000641f80000000000c857f	1822-12-24	Matthew Arnold	
#9202a8c04000641f8000000000126bdc	1798-12-24	Adam Mickiewicz	Navahradak
#9202a8c04000641f80000000001d2c6e	1839-06-21	Joaquim Maria Machado de Assis	Rio de Janeiro
#9202a8c04000641f80000000001e397f	1800-12-03	France Prešeren	Vrba
#9202a8c04000641f8000000000a5cf58	1805-10-15	Khachatur Abovian	Qanaqer-Zeytun
#9202a8c04000641f8000000000c7df55	1793-06-03	Antoni Malczewski	Volhynia
#9202a8c04000641f800000000007a7c7	1846-08-10	Narcís Oller	Valls
#9202a8c04000641f8000000005628c75	1860-10-10	Joan Maragall	Barcelona
#9202a8c04000641f80000000002523e4	1882-10-28	Grigol Robakidze	Imereti
#9202a8c04000641f800000000001fdec	1806-05-20	John Stuart Mill	Pentonville
#9202a8c04000641f80000000000a82ff	1778-02-06	Ugo Foscolo	Zakynthos
#9202a8c04000641f800000000013a97a	1930-07-11	Harold Bloom	New York City
#9202a8c04000641f800000000094f8e2	1831-09-12	Álvares de Azevedo	São Paulo
#9202a8c04000641f800000000044f061	1921-07-01	Walter Kaufmann	Freiburg
#9202a8c04000641f80000000046e1815	1921-08-10	Ion Negoiţescu	Cluj-Napoca
#9202a8c04000641f800000000b8e395f	1964-01-17	Raoul Schrott	Landeck
#9202a8c04000641f800000000003caa1	1937-05-08	Thomas Pynchon	Glen Cove
#9202a8c04000641f800000000040b64b	1931-02-09	Thomas Bernhard	Heerlen
#9202a8c04000641f8000000000111972	1884	Jun Tsuji	Tokyo
#9202a8c04000641f8000000006d00c44	1883-07-03	Franz Kafka	Prague
#9202a8c04000641f800000000015f905	1743-01-25	Friedrich Heinrich Jacobi	Düsseldorf
#9202a8c04000641f800000001b6aaf97	1936-03	Syed Manzoor ul Hassan Hashmi	
#9202a8c04000641f800000000002fab7	1912-05-28	Patrick White	Knightsbridge
#9202a8c04000641f8000000000034fb5	1856-05-06	Sigmund Freud	Příbor
#9202a8c04000641f800000000be98970	1966	John Armstrong	
#9202a8c04000641f8000000000056f83	1817-07-12	Henry David Thoreau	Concord
#9202a8c04000641f80000000000b1ab1	1797-12-13	Heinrich Heine	Düsseldorf
#9202a8c04000641f80000000000c4ad4	1806-10-25	Max Stirner	Bayreuth
#9202a8c04000641f8000000000032c84	1813-05-22	Richard Wagner	Leipzig
#9202a8c04000641f8000000000049438	1929-04-01	Milan Kundera	Brno
#9202a8c04000641f8000000000066cca	1799-06-06	Aleksandr Pushkin	Moscow
#9202a8c04000641f800000002012bd56		Johann Caspar Goethe	
#9202a8c04000641f80000000192823f3	1731-02-19	Katharina Elisabeth Goethe	
#9202a8c04000641f800000002012bdbd		Ottilie	
#9202a8c04000641f8000000007230065	
#9202a8c04000641f800000000010fb1d	1756-03-03	William Godwin	Wisbech
#9202a8c04000641f8000000000012c6b	1772-04-18	David Ricardo	London
#9202a8c04000641f80000000054588d8	
#9202a8c04000641f800000000760694a	
#9202a8c04000641f800000000004ba94	1883-06-05	John Maynard Keynes	Cambridge
#9202a8c04000641f800000000aa0039a	1917-05-05	Patrick Lynch	South Dublin
#9202a8c04000641f8000000000003e3d	1894-07-26	Aldous Huxley	Surrey
#9202a8c04000641f800000000bd37678	1825-07-01	Henry Walter Bates	Leicester
#9202a8c04000641f8000000006e9aca0	
#9202a8c04000641f8000000006e9aca8	
#9202a8c04000641f8000000006e9acaf	
#9202a8c04000641f8000000006e9ac0a		Thomas Vere Wallace	
#9202a8c04000641f8000000006e9ac11		Mary Anne Greenell	
#9202a8c04000641f8000000006e9ace4	
#9202a8c04000641f8000000006e9acf6	
#9202a8c04000641f8000000006e9ad02	
#9202a8c04000641f8000000006e9ac26		Herbert Wallace	
#9202a8c04000641f8000000006e9ac50		Violet Wallace	
#9202a8c04000641f8000000006e9ac57	1871	William Wallace	
#9202a8c04000641f800000002048e667	
#9202a8c04000641f80000000000208e5	1726-06-14	James Hutton	Edinburgh
#9202a8c04000641f800000000013f55b	1748-03-10	John Playfair	Angus
#9202a8c04000641f8000000000217f5a	1784-03-12	William Buckland	Axminster
#9202a8c04000641f800000000021a63f	1772-04-15	Étienne Geoffroy Saint-Hilaire	Étampes
#9202a8c04000641f80000000047fba67	1781-10-17	Johann Friedrich Meckel	Halle
#9202a8c04000641f8000000000156ed5	1698-07-17	Pierre Louis Maupertuis	Saint-Malo
#9202a8c04000641f800000000469b8a6	1746-09-16	Georges Louis Marie Dumont de Courset	
#9202a8c04000641f8000000000019278	1685-03-12	George Berkeley	County Kilkenny
#9202a8c04000641f800000000001e13a	1643-01-04	Isaac Newton	Woolsthorpe-by-Colsterworth
#9202a8c04000641f8000000000140bf4	0160	Sextus Empiricus	
#9202a8c04000641f800000000014e1e3	1694-08-08	Francis Hutcheson	Kingdom of Ireland
#9202a8c04000641f800000000000e5a5	-0105-01-03	Cicero	Arpinum, Rome
#9202a8c04000641f8000000000020f03	1632-08-29	John Locke	Wrington
#9202a8c04000641f800000000003ac67	1588-04-05	Thomas Hobbes	Malmesbury
#9202a8c04000641f8000000000018197	1561-01-22	Francis Bacon	Strand, London
#9202a8c04000641f800000000006a76c	1689-01-18	Charles de Secondat, baron de Montesquieu	Bordeaux
#9202a8c04000641f8000000000015be8	-0340	Epicurus	Samos Island
#9202a8c04000641f800000000013bc26	1638-08-06	Nicolas Malebranche	Paris
#9202a8c04000641f8000000000432a9c	1105	Ibn Tufail	
#9202a8c04000641f800000000010c535	-0359	Pyrrho	Elis
#9202a8c04000641f800000000012dd08	1692-05-18	Joseph Butler	Wantage
#9202a8c04000641f8000000000032f11	1596-03-31	René Descartes	Descartes, Indre-et-Loire
#9202a8c04000641f8000000000019c55	1646-07-01	Gottfried Wilhelm von Leibniz	Leipzig
#9202a8c04000641f80000000001c6614	1647-11-18	Pierre Bayle	Carla-Bayle
#9202a8c04000641f800000000002af58	1469-05-03	Niccolò Machiavelli	Florence
#9202a8c04000641f80000000054588d3	
#9202a8c04000641f80000000054589e1	
#9202a8c04000641f80000000087fce49	
#9202a8c04000641f80000000087fce4e	
#9202a8c04000641f80000000087fce53	
#9202a8c04000641f80000000087fce58	
#9202a8c04000641f800000000001e158	1724-04-22	Immanuel Kant	Kaliningrad
#9202a8c04000641f800000000005bb6d	1748-02-15	Jeremy Bentham	Spitalfields
#9202a8c04000641f800000000003ab58	1710-04-26	Thomas Reid	
#9202a8c04000641f8000000000467562	1906-08-07	Nelson Goodman	Somerville
#9202a8c04000641f800000000000a5be	1706-01-17	Benjamin Franklin	Boston
#9202a8c04000641f800000000002018a	1899-08-24	Jorge Luis Borges	Buenos Aires
#9202a8c04000641f8000000000018ae1	1899-05-08	Friedrich Hayek	Vienna
#9202a8c04000641f8000000000021dc6	1902-07-28	Karl Popper	Vienna
#9202a8c04000641f8000000000006c5b	1910-10-29	A.J. Ayer	United Kingdom
#9202a8c04000641f800000000000417c	1879-03-14	Albert Einstein	Ulm
#9202a8c04000641f8000000000020893	1751-03-16	James Madison	Port Conway
#9202a8c04000641f800000000009c00b	1842-01-11	William James	Astor House
#9202a8c04000641f80000000000f785a	1798-01-19	Auguste Comte	Montpellier
#9202a8c04000641f800000000013dba4	1723-07-01	Adam Ferguson	Logierait
#9202a8c04000641f80000000001565cc	1723-12-08	Baron d'Holbach	Edesheim
#9202a8c04000641f80000000001878a9	1917-08-28	J. L. Mackie	Sydney
#9202a8c04000641f8000000000247330	1944	Simon Blackburn	United Kingdom
#9202a8c04000641f8000000000a3a1fb	1928-12-07	Noam Chomsky	East Oak Lane
#9202a8c04000641f8000000000172a35	1925-12-09	Ernest Gellner	Paris
#9202a8c04000641f80000000002189d3	1941-09-28	David Kellogg Lewis	Oberlin
#9202a8c04000641f8000000000221e3c	1853-07-17	Alexius Meinong	Lviv
#9202a8c04000641f800000000023a461	1935	Jerry Fodor	New York City
#9202a8c04000641f8000000000481b8f	1927-09-15	David Stove	Moree
#9202a8c04000641f80000000004b1116	1736-09-16	Johannes Nikolaus Tetens	Southern Schleswig
#9202a8c04000641f8000000000669f33	1929	Annette Baier	New Zealand
#9202a8c04000641f80000000007432b5	1754	Salomon Maimon	
#9202a8c04000641f8000000000050eb6	1755-11-20	Alexander Hamilton	Nevis
#9202a8c04000641f800000000569c982	1971	Iain King	
#9202a8c04000641f80000000004cdbec	1923-02-11	Antony Flew	London
#9202a8c04000641f80000000008860ef	1719-12-25	George Campbell	Aberdeen
#9202a8c04000641f80000000008a6ecd	1837-11-15	African Spir	
#9202a8c04000641f8000000000bae020	1922-03-17	Patrick Suppes	Tulsa
#9202a8c04000641f800000000478516f	1939-10-12	Clément Rosset	Barneville-Carteret
#9202a8c04000641f800000000012bcc9	1778-04-10	William Hazlitt	Maidstone
#9202a8c04000641f800000000006afa0	1838-02-18	Ernst Mach	Brno
#9202a8c04000641f800000000f81a318		Vale	Venezuela
#9202a8c04000641f8000000000125380	1909-06-06	Isaiah Berlin	Riga
#9202a8c04000641f8000000000116317	1932-07-31	John Searle	Denver
#9202a8c04000641f800000000001a535	1925-01-18	Gilles Deleuze	Paris
#9202a8c04000641f80000000004b3524	1881-10-11	Hans Kelsen	Prague
#9202a8c04000641f8000000000162f7e	1838-05-31	Henry Sidgwick	Skipton
#9202a8c04000641f800000000014f23f	1930-06-30	Thomas Sowell	North Carolina
#9202a8c04000641f8000000000014a81	1859-04-08	Edmund Husserl	Prostějov
#9202a8c04000641f800000000004155f	1908-06-25	Willard Van Orman Quine	Akron
#9202a8c04000641f8000000000efac06	1967	Quentin Meillassoux	Paris
#9202a8c04000641f800000000013bbce	1715-09-30	Étienne Bonnot de Condillac	Grenoble
#9202a8c04000641f800000000016aa9a	1817-04-18	George Henry Lewes	London
#9202a8c04000641f8000000005458941	
#9202a8c04000641f800000000004c104	1858-04-15	Émile Durkheim	Lorraine
#9202a8c04000641f800000000001b3f3	1819-11-22	George Eliot	Nuneaton
#9202a8c04000641f80000000000289e3	1926-03-02	Murray Rothbard	The Bronx
#9202a8c04000641f800000000012c64d	1857-07-30	Thorstein Veblen	Cato
#9202a8c04000641f800000000005cd53	1842-07-26	Alfred Marshall	
#9202a8c04000641f80000000006bdd21	1964-02-04	Roderick Long	
#9202a8c04000641f8000000006b7c907	1866-12-05	Traian Demetrescu	Craiova
#9202a8c04000641f8000000000652fe9	1863-03-14	Tokutomi Soho	Minamata
#9202a8c04000641f80000000002562ef	1929-05-01	Ralf Dahrendorf	Hamburg
#9202a8c04000641f800000000023f755	1838-06-18	Auberon Herbert	
#9202a8c04000641f8000000000184ec6	1930-04-11	Anton LaVey	Chicago
#9202a8c04000641f800000000000be37	1854-04-17	Benjamin Tucker	Dartmouth
#9202a8c04000641f80000000009eec0e	1884-04-20	Augusto dos Anjos	Paraíba
#9202a8c04000641f8000000000020426	1883-02-08	Joseph Schumpeter	Třešť
#9202a8c04000641f8000000000018c5c	1858-07-09	Franz Boas	Minden
#9202a8c04000641f8000000000302edb	1729-02-26	Anders Chydenius	Sotkamo
#9202a8c04000641f8000000000003bdf	-0383	Aristotle	Stageira
#9202a8c04000641f80000000002b4216	1670-11-15	Bernard de Mandeville	Rotterdam
#9202a8c04000641f80000000001eb601	1623-05-27	William Petty	Romsey
#9202a8c04000641f8000000000162fe9	1835-09-01	William Stanley Jevons	Liverpool
#9202a8c04000641f8000000000003c45	1905-02-02	Ayn Rand	Saint Petersburg
#9202a8c04000641f8000000000b8ae69	1753-07-27	Christian Jakob Kraus	Ostróda
#9202a8c04000641f800000000002780e	1912-07-31	Milton Friedman	Brooklyn
#9202a8c04000641f800000000000eb2e	1840-02-28	Carl Menger	Nowy Sącz
#9202a8c04000641f800000000031ce34	1964-04-18	Niall Ferguson	Glasgow
#9202a8c04000641f80000000001e8e06	1947-05-06	Martha Nussbaum	New York City
#9202a8c04000641f80000000046804e6	1756-06-23	Thomas Jones	Beriew
#9202a8c04000641f8000000004680580	1734	John Dawson	
#9202a8c04000641f80000000003bcff4	1797-03-10	George Julius Poulett Scrope	London
#9202a8c04000641f800000000023fb40	1793-02-02	William Hopkins	Kingston on Soar
#9202a8c04000641f8000000000205ce2	1800-09-22	George Bentham	Portsmouth
#9202a8c04000641f800000000021c9c8	1785-07-06	William Jackson Hooker	Norwich
#9202a8c04000641f80000000001e1c7a	1863-02-27	George Herbert Mead	South Hadley
#9202a8c04000641f800000000000e7a4	1839-09-10	Charles Peirce	Cambridge
#9202a8c04000641f800000000002da70	-0426	Plato	Athens
#9202a8c04000641f8000000000041c30	1832-08-16	Wilhelm Wundt	Mannheim
#9202a8c04000641f800000000545892d	
#9202a8c04000641f800000000545893c	
#9202a8c04000641f8000000005c80c18	
#9202a8c04000641f8000000000161124	1931-10-04	Richard Rorty	New York City
#9202a8c04000641f80000000000570ca	1890-01-09	Karel Čapek	Malé Svatoňovice
#9202a8c04000641f80000000001901d6	1884-05-28	Edvard Beneš	Kožlany
#9202a8c04000641f800000000002136a	1929-06-18	Jürgen Habermas	Düsseldorf
#9202a8c04000641f8000000000087ed3	1926-07-31	Hilary Putnam	Chicago
#9202a8c04000641f80000000006e01d1	1939	David A. Kolb	
#9202a8c04000641f8000000000734f7d	1892	Edwin Burtt	Groton
#9202a8c04000641f8000000000a54c13	1900-04-26	Richard McKeon	
#9202a8c04000641f8000000000f3b0a2	1929	Nel Noddings	
#9202a8c04000641f800000000466c379	1937	Arthur Fine	
#9202a8c04000641f80000000055dbf31	1924-05-16	Joseph Margolis	Newark
#9202a8c04000641f80000000002c7a6e	1953-06-02	Cornel West	Tulsa
#9202a8c04000641f8000000000146e09	1863-12-16	George Santayana	Madrid
#9202a8c04000641f8000000000097854	1891-12-17	Hu Shih	Shanghai
#9202a8c04000641f80000000047f8887	1950-12-14	Joe L. Kincheloe	Kingsport
#9202a8c04000641f800000000ab04ed7		Donald A. Crosby	
#9202a8c04000641f800000000aa08dbf	1884	Henry Nelson Wieman	
#9202a8c04000641f800000000aa2065a		Jerome A. Stone	
#9202a8c04000641f80000000003f7201	1929-01-04	Amitai Etzioni	Cologne
#9202a8c04000641f80000000005759f3	1900-03-07	Herbert Blumer	St. Louis
#9202a8c04000641f800000000021453e	1927-10-14	Thomas Luckmann	Jesenice
#9202a8c04000641f8000000000604ce1	1868-09-03	Mary Parker Follett	Massachusetts
#9202a8c04000641f800000000927e508	1917-12-22	Maxine Greene	
#9202a8c04000641f8000000000056eae	1861-02-15	Alfred North Whitehead	Ramsgate
#9202a8c04000641f80000000004f9917	1902-12-20	Sidney Hook	New York City
#9202a8c04000641f800000000066f5f5	1874-08-05	Wesley Clair Mitchell	Rushville
#9202a8c04000641f8000000000e2b24a	1948-11-27	Hans Joas	Munich
#9202a8c04000641f8000000016b2d79e	1967-12-03	Mose Kalev	Oxford
#9202a8c04000641f8000000000537297	1947	Roberto Mangabeira Unger	Rio de Janeiro
#9202a8c04000641f800000000011e20f	1936-08-01	W. D. Hamilton	Cairo
#9202a8c04000641f800000000014dc6f	1907-04-15	Nikolaas Tinbergen	The Hague
#9202a8c04000641f800000000001205c	1952-03-11	Douglas Adams	Cambridge
#9202a8c04000641f800000000017a8da	1949-04-13	Christopher Hitchens	Portsmouth
#9202a8c04000641f80000000054a35a3	
#9202a8c04000641f8000000005c7c905	
#9202a8c04000641f8000000005c7c910	
#9202a8c04000641f8000000014f616f6	
#9202a8c04000641f800000000011458a	1951-07-29	Susan Blackmore	London
#9202a8c04000641f8000000006f4ede0	1970-03-04	Brian Karlak	
#9202a8c04000641f80000000085964cb	1981-12-07	Arul N S	Ulsoor
#9202a8c04000641f80000000003d8d02	1958-08-15	Simon Baron-Cohen	London
#9202a8c04000641f8000000006b32ae6	1968-11-19	Paco Ahlgren	El Paso
#9202a8c04000641f800000000074b5d5	1967	Sam Harris	United States of America
#9202a8c04000641f800000000c5f64fd	1969-11-10	Joe Velikovsky	Mudgee
#9202a8c04000641f8000000004eded3d	1984	Juliet Emma Dawkins	
#9202a8c04000641f800000001fd58084	
#9202a8c04000641f8000000020488554	
#9202a8c04000641f800000002048855c	
#9202a8c04000641f80000000005de3f4	1956	Mark Ridley	England
#9202a8c04000641f8000000007348d3b		Alan Grafen	Dollar
#9202a8c04000641f80000000003eb774	1900-08-19	Gilbert Ryle	Brighton
#9202a8c04000641f8000000000005000	1912-06-23	Alan Turing	London
#9202a8c04000641f80000000001e861e	1912-05-20	Wilfrid Sellars	Ann Arbor
#9202a8c04000641f800000000001357c	1945-02-15	Douglas Hofstadter	New York City
#9202a8c04000641f8000000000198d02	1966-04-20	David Chalmers	
#9202a8c04000641f80000000003162fd		Andy Clark	
#9202a8c04000641f8000000007683155	1952-06-16	Peter Carruthers	
#9202a8c04000641f8000000005c9050c	1974-03-09	Hans Gerwitz	St. Louis
#9202a8c04000641f8000000000162127	1811-04-01	James McCosh	Ayrshire
#9202a8c04000641f80000000003e24e1	1839-12-18	Théodule-Armand Ribot	Guingamp
#9202a8c04000641f800000000013c298	1766-11-29	Maine de Biran	Bergerac
#9202a8c04000641f8000000005c80c11	
#9202a8c04000641f8000000005c80c1f	
#9202a8c04000641f8000000005c80c26	
#9202a8c04000641f8000000005c80c2d	
#9202a8c04000641f80000000001327ac	1927-10-25	Lawrence Kohlberg	New York City
#9202a8c04000641f800000000012145c	1904-05-09	Gregory Bateson	United Kingdom
#9202a8c04000641f8000000000148a74	1949-01-31	Ken Wilber	Oklahoma City
#9202a8c04000641f80000000000a4720	1896-08-09	Jean Piaget	Neuchâtel
#9202a8c04000641f800000000038514f	1915-01-12	Richard Evans Schultes	Boston
#9202a8c04000641f8000000000b21420		Donald J. Farish	Winnipeg
#9202a8c04000641f8000000000033363	1880-11-06	Robert Musil	Klagenfurt
#9202a8c04000641f800000000002a355	1871-07-10	Marcel Proust	Auteuil-Neuilly-Passy
#9202a8c04000641f800000000001fd07	1882-02-02	James Joyce	Rathgar
#9202a8c04000641f8000000005fe09ac	
#9202a8c04000641f8000000005fe09b4	
#9202a8c04000641f80000000004db4d0	1810-07-26	Henry Christy	Kingston upon Thames
#9202a8c04000641f80000000001d000b	1854-01-01	James Frazer	Glasgow
#9202a8c04000641f800000000005596f	1887-07-28	Marcel Duchamp	Blainville-Crevon Seine-Maritime
#9202a8c04000641f8000000000041063	1914-02-05	William S. Burroughs	St. Louis
#9202a8c04000641f8000000000cfa729		Roy Ascott	Bath
#9202a8c04000641f800000000007bad6	1912-09-05	John Cage	Los Angeles
#9202a8c04000641f80000000091be554	
#9202a8c04000641f800000000014a160	1979-04-22	Daniel Johns	Newcastle
#9202a8c04000641f800000000003bdd3	
#9202a8c04000641f80000000054a3a06	
#9202a8c04000641f80000000201dc425		Darla	
#9202a8c04000641f80000000201dc42b		Hannah	
#9202a8c04000641f80000000201dc431		 Irial	
#9202a8c04000641f800000000002cbae	1839-01-01	Ouida	Bury St. Edmunds
#9202a8c04000641f8000000000197e44	1820-08-02	John Tyndall	Leighlinbridge
#9202a8c04000641f8000000000014f3a	1834-02-16	Ernst Haeckel	Potsdam
#9202a8c04000641f8000000000019158	1903-06-25	George Orwell	Motihari
#9202a8c04000641f8000000000020679	1922-03-12	Jack Kerouac	Lowell
#9202a8c04000641f80000000000568d1	1908-09-04	Richard Wright	Roxie
#9202a8c04000641f8000000000d447b1	1897-11-07	Armstrong Sperry	New Haven
#9202a8c04000641f8000000000033e6c	1906-01-22	Robert E. Howard	Peaster
#9202a8c04000641f8000000000b80ff6		Scott Sigler	
#9202a8c04000641f8000000000309f5f	1945-11-12	Michael Bishop	Lincoln
#9202a8c04000641f8000000009ee9ec6	1965-06-26	Vincent Louis Carrella	Long Island
#9202a8c04000641f8000000007b81877	1964-11-29	Cork Graham	Trinidad and Tobago
#9202a8c04000641f8000000000075e6d	1909-07-28	Malcolm Lowry	Wallasey
#9202a8c04000641f800000000c651dd1	1987-06-08	Garret Schuelke	Alpena
#9202a8c04000641f800000000a1d67a7	1952	David C. Smith	Youngstown
#9202a8c04000641f80000000000730be	1939-11-18	Margaret Atwood	Ottawa
#9202a8c04000641f800000001db89a77	
#9202a8c04000641f800000001db89a80	
#9202a8c04000641f800000000000f203	1816-04-21	Charlotte Brontë	Thornton, Bradford
#9202a8c04000641f8000000000021117	1608-12-09	John Milton	London
#9202a8c04000641f800000000022264c	1825-06-07	R. D. Blackmore	Longworth
#9202a8c04000641f8000000003a49c44	1812-02-07	Charles Dickens	Portsmouth
#9202a8c04000641f80000000000153db	1818-07-30	Emily Brontë	Thornton, Bradford
#9202a8c04000641f8000000000035696	1947-09-21	Stephen King	Portland
#9202a8c04000641f80000000000585b8	1885-09-11	D. H. Lawrence	Eastwood
#9202a8c04000641f8000000000266f0c	1887-01-10	Robinson Jeffers	Allegheny
#9202a8c04000641f8000000000020b42	1942-03-02	John Irving	Exeter
#9202a8c04000641f80000000002a8c2b	1940-03-28	Russell Banks	Newton
#9202a8c04000641f8000000000c5b9a7	1965-09-19	Antonella Gambotto-Burke	Sydney
#9202a8c04000641f8000000007b6a656	1962-08-22	Kate Christensen	Berkeley
#9202a8c04000641f80000000001671f7	1926-03-31	John Fowles	Leigh-on-Sea
#9202a8c04000641f80000000000ec73d	1963-06-25	Yann Martel	Salamanca
#9202a8c04000641f800000000005c150	1886-09-08	Siegfried Sassoon	Matfield
#9202a8c04000641f800000000c61fbfe	
#9202a8c04000641f800000000880faaf	
#9202a8c04000641f800000000880fab5	
#9202a8c04000641f800000000880fae7	
#9202a8c04000641f800000000880fbf6	
#9202a8c04000641f8000000000399d3e		B. Roy Frieden	
#9202a8c04000641f80000000000b3d84	1876-06-13	William Sealy Gosset	Canterbury
#9202a8c04000641f8000000000523f38	1896-01-03	Jay Lush	Shambaugh
#9202a8c04000641f800000000c4ac0bd	1911	Oscar Kempthorne	Cornwall
#9202a8c04000641f8000000000801ec4	1919-10-18	George E. P. Box	Gravesend
#9202a8c04000641f8000000000346ea0	1877-09-11	James Hopwood Jeans	Ormskirk
#9202a8c04000641f80000000004ff1a0	1920-09-10	C. R. Rao	Hoovina Hadagalli
#9202a8c04000641f80000000001fa828	1893-06-29	Prasanta Chandra Mahalanobis	Kolkata
#9202a8c04000641f800000000474ba74	1808-01-09	Thomas Wharton Jones	St Andrews
#9202a8c04000641f80000000003bda50	1815-02-12	Edward Forbes	Douglas
#9202a8c04000641f800000000001be8c	1866-09-21	H. G. Wells	Bromley
#9202a8c04000641f80000000002893e2	1854-10-02	Patrick Geddes	Ballater
#9202a8c04000641f8000000000437681	1847-05-15	Ray Lankester	London
#9202a8c04000641f8000000000244080	1857-08-08	Henry Fairfield Osborn	Fairfield
#9202a8c04000641f80000000001e272a	1836-03-08	Michael Foster	Huntingdon
#9202a8c04000641f80000000003799a4	1831-11-30	William Henry Flower	Stratford-upon-Avon
#9202a8c04000641f80000000009e9fe7	1855-05-24	Alfred Cort Haddon	London
#9202a8c04000641f8000000000114673	1860-12-11	Leonard Huxley	
#9202a8c04000641f80000000159ec989	1859	Marian Huxley Collier	
#9202a8c04000641f8000000009d76cab	1842-01-07	Alexander William Bickerton	Alton
#9202a8c04000641f80000000001b6e1e	1828-09-28	Friedrich Albert Lange	Solingen
#9202a8c04000641f8000000000034233	1803-05-25	Ralph Waldo Emerson	Boston
#9202a8c04000641f8000000000018a41	1821-11-11	Fyodor Dostoyevsky	Moscow
#9202a8c04000641f8000000000058972	1533-02-28	Michel de Montaigne	Château de Montaigne
#9202a8c04000641f8000000000058cc3		Zoroaster	
#9202a8c04000641f800000000012cc9f	1770-03-20	Friedrich Hölderlin	Lauffen
#9202a8c04000641f800000000003f660	1694-11-21	Voltaire	Paris
#9202a8c04000641f800000000004128f	1865-06-13	William Butler Yeats	Sandymount
#9202a8c04000641f80000000004fb02a	1866-02-13	Lev Shestov	Kiev
#9202a8c04000641f8000000000322b1f	1886-11-13	Mary Wigman	Hanover
#9202a8c04000641f800000000035dfc1	1874-08-22	Max Scheler	Munich
#9202a8c04000641f800000000022be96	1886-08-20	Paul Tillich	Starosiedle
#9202a8c04000641f800000000007dc6e	1864-06-11	Richard Strauss	Munich
#9202a8c04000641f80000000002a842b	1868-07-12	Stefan George	Büdesheim
#9202a8c04000641f80000000000ac30d	1881-11-28	Stefan Zweig	Vienna
#9202a8c04000641f800000000000a81c	1623-06-19	Blaise Pascal	Clermont-Ferrand
#9202a8c04000641f800000000001c8cf	-0534	Heraclitus	Ephesus
#9202a8c04000641f8000000000035098	1783-01-23	Stendhal	Grenoble
#9202a8c04000641f800000000002ed2e		Parmenides	Velia
#9202a8c04000641f80000000004b5ef9	1601-01-08	Baltasar Gracián y Morales	Belmonte, Zaragoza
#9202a8c04000641f8000000000014b53	-0489	Empedocles	Agrigento
#9202a8c04000641f8000000000030065	-0489	Protagoras	
#9202a8c04000641f8000000000034ef6	-0468	Socrates	Athens
#9202a8c04000641f8000000000268f86	1742-07-01	Georg Christoph Lichtenberg	Darmstadt
#9202a8c04000641f80000000001b1336	1613-09-15	François de La Rochefoucauld	Paris
#9202a8c04000641f80000000083dbbf0	
#9202a8c04000641f800000000004a551	1889-09-26	Martin Heidegger	Meßkirch
#9202a8c04000641f800000000000497c	1913-11-07	Albert Camus	Drean
#9202a8c04000641f8000000000067a36	1930-07-15	Jacques Derrida	El Biar
#9202a8c04000641f80000000001e04aa	1883-02-23	Karl Jaspers	Oldenburg
#9202a8c04000641f8000000000069554	1880-09-12	H. L. Mencken	Baltimore
#9202a8c04000641f80000000000eb099	1903-09-25	Mark Rothko	Daugavpils
#9202a8c04000641f800000000005e53f	1926-10-15	Michel Foucault	Poitiers
#9202a8c04000641f800000000017ceb6	1929-07-27	Jean Baudrillard	Reims
#9202a8c04000641f80000000009d4128	1887-10-30	Georg Heym	Jelenia Góra
#9202a8c04000641f800000000001ad8e	1856-07-26	George Bernard Shaw	Dublin
#9202a8c04000641f800000000013adce	1864-09-29	Miguel de Unamuno	Bilbao
#9202a8c04000641f80000000001659e6	1897-09-10	Georges Bataille	Billom
#9202a8c04000641f8000000000847d68	1905-08-09	Pierre Klossowski	Paris
#9202a8c04000641f8000000000017b7b	1930-04-30	Félix Guattari	Oise
#9202a8c04000641f800000000017a889	1878-02-08	Martin Buber	Vienna
#9202a8c04000641f8000000000166b3c	1899-09-20	Leo Strauss	Kirchhain
#9202a8c04000641f8000000000021479	1904-03-26	Joseph Campbell	White Plains
#9202a8c04000641f80000000000231f3	1935-09-17	Ken Kesey	La Junta
#9202a8c04000641f800000000003480d	1875-12-04	Rainer Maria Rilke	Prague
#9202a8c04000641f8000000000041368	1897-09-25	William Faulkner	New Albany
#9202a8c04000641f80000000000abce7	1886-05-10	Olaf Stapledon	Poulton
#9202a8c04000641f800000000013327c	1931-06-26	Colin Wilson	Leicester
#9202a8c04000641f80000000086487c4	1978-04-12	Mark Johnson	
#9202a8c04000641f800000000008fe95	1870-02-07	Alfred Adler	Rudolfsheim-Fünfhaus
#9202a8c04000641f8000000000055a76	1901-11-03	André Malraux	Paris
#9202a8c04000641f80000000001923f4	1911-04-08	Emil Cioran	Răşinari
#9202a8c04000641f80000000001cd5e8	1855-07-26	Ferdinand Tönnies	Oldenswort
#9202a8c04000641f80000000000b51ca	1858-03-01	Georg Simmel	Berlin
#9202a8c04000641f800000000056c59b	1858-01-15	Giovanni Segantini	Arco
#9202a8c04000641f800000000007a915	1860-07-07	Gustav Mahler	Kaliště
#9202a8c04000641f8000000000129d26	1877-05-27	Isadora Duncan	San Francisco
#9202a8c04000641f800000000002154e	1905-06-21	Jean-Paul Sartre	Paris
#9202a8c04000641f8000000000dda7ed	1872-02-08	Theodor Lessing	Hanover
#9202a8c04000641f800000000003bc36	1903-09-11	Theodor W. Adorno	Frankfurt
#9202a8c04000641f8000000000118ac1	1956-02-24	Judith Butler	Cleveland
#9202a8c04000641f800000000001c884	1898-07-19	Herbert Marcuse	Berlin
#9202a8c04000641f8000000000023813	1859-08-04	Knut Hamsun	Vågå
#9202a8c04000641f800000000002714f	1908-03-14	Maurice Merleau-Ponty	Rochefort
#9202a8c04000641f8000000000076211	1908-01-09	Simone de Beauvoir	Paris
#9202a8c04000641f8000000000093dc5	1930-09-14	Allan Bloom	Indianapolis
#9202a8c04000641f800000000009c06c	1906-01-12	Emmanuel Lévinas	Kaunas
#9202a8c04000641f8000000000178be6	1892-07-15	Walter Benjamin	Berlin
#9202a8c04000641f80000000001d5cfc	1942-04-22	Giorgio Agamben	Rome
#9202a8c04000641f800000000026693e	1903-02-24	Vladimir Bartol	Trieste
#9202a8c04000641f80000000002708d0	1940-10-26	John D. Caputo	Philadelphia
#9202a8c04000641f8000000000277c36	1852-09-25	Hans Vaihinger	Nehren
#9202a8c04000641f80000000002a28d9	1918-11-13	George Grant	Toronto
#9202a8c04000641f8000000000354975	1875-05-30	Giovanni Gentile	Castelvetrano
#9202a8c04000641f80000000003c74ac	1929-10-15	Hubert Dreyfus	Terre Haute
#9202a8c04000641f80000000004e2687	1913	Norman O. Brown	El Oro, Mexico State
#9202a8c04000641f80000000004e8da7	1971	Ghil'ad Zuckermann	Tel Aviv
#9202a8c04000641f80000000005be4cd	1856-06-09	A. D. Gordon	Podolia
#9202a8c04000641f800000000079d150	1935	Estanislao Zuleta	Medellín
#9202a8c04000641f800000000080b61b	1960-02-27	Simon Critchley	Hertfordshire
#9202a8c04000641f800000000094c99a	1946-07-03	Jean-Luc Marion	Meudon
#9202a8c04000641f8000000000c063a2	1878-01-23	Oton Župančič	Vinica, Črnomelj
#9202a8c04000641f800000000463d09e	1934-09-14	Sarah Kofman	Paris
#9202a8c04000641f800000000477fbfb	1900-08-23	Tatsuji Miyoshi	Osaka
#9202a8c04000641f8000000005be14d6	1962	Stephen Mulhall	
#9202a8c04000641f8000000007d03c86	1920-10-20	Jože Javoršek	Velike Lašče
#9202a8c04000641f800000000078a14b	1936-01-04	Gianni Vattimo	Turin
#9202a8c04000641f80000000090a2828	1930-11-12	Ivo Urbančič	Most na Soči
#9202a8c04000641f80000000002a9ccb	1929-09-21	Bernard Williams	Westcliff-on-Sea
#9202a8c04000641f8000000000198933	1907-09-22	Maurice Blanchot	Devrouze
#9202a8c04000641f80000000002cd073	1929-01-12	Alasdair MacIntyre	Glasgow
#9202a8c04000641f800000000036da6d	1945-12-08	John Banville	Wexford
#9202a8c04000641f80000000003cda3a	1947-06-26	Peter Sloterdijk	Karlsruhe, Germany
#9202a8c04000641f8000000000500b54	1931	Gonzalo Arango	Andes, Antioquia
#9202a8c04000641f80000000083986b1	1895-04-24	Fernando González	Envigado
#9202a8c04000641f8000000007357da9		Lewis Call	
#9202a8c04000641f8000000000f0191a	1952-04-01	Bernard Stiegler	
#9202a8c04000641f800000000007a82a	1912-02-27	Lawrence Durrell	Jalandhar
#9202a8c04000641f8000000007b3ed03	1826	Franziska Oehler	
#9202a8c04000641f8000000007b3ed09	1813	Carl Ludwig	
#9202a8c04000641f80000000058b9b99	
#9202a8c04000641f8000000000054e1b	1799-05-20	Honoré de Balzac	Tours
#9202a8c04000641f8000000000208e37	1813-07-12	Claude Bernard	Saint-Julien, Rhône
#9202a8c04000641f8000000005458a04	
#9202a8c04000641f8000000005458a13	
#9202a8c04000641f8000000000007a61	1860-01-17	Anton Chekhov	Taganrog
#9202a8c04000641f8000000000019bfd	1850-08-05	Guy de Maupassant	
#9202a8c04000641f8000000000147b4a	1931-03-02	Tom Wolfe	Richmond
#9202a8c04000641f80000000003aab4f	1852-01-30	Ion Luca Caragiale	I. L. Caragiale, Dâmboviţa
#9202a8c04000641f800000000077b910	1850	Eugen Kumičić	Istria
#9202a8c04000641f800000000802b83f	1850-08-03	Paulus Adrianus Daum	The Hague
#9202a8c04000641f800000000008d1d4	1840-05-13	Alphonse Daudet	Nîmes
#9202a8c04000641f800000000026a898	1904-11-25	Ba Jin	Chengdu
#9202a8c04000641f800000000038cdc6	1857-03-30	Gabriela Zapolska	Galicia
#9202a8c04000641f80000000003aac0d	1880-11-05	Mihail Sadoveanu	Paşcani
#9202a8c04000641f800000000053ba54	1854-03-14	Alexandru Macedonski	Bucharest
#9202a8c04000641f800000000026ec49	1857-04-14	Aluísio Azevedo	São Luís
#9202a8c04000641f80000000000617ed	1849-01-22	August Strindberg	Stockholm
#9202a8c04000641f800000001f5bc552		Émilie Aurélie Aubert	
#9202a8c04000641f800000001f5bc558		François Zola	
#9202a8c04000641f800000001f5bc59c	
#9202a8c04000641f80000000002f0de4	1808-05-02	Emma Darwin	
#9202a8c04000641f8000000000371dc1	1876-09-07	Bernard Darwin	
#9202a8c04000641f8000000000371e34	1886	Frances Cornford	
#9202a8c04000641f80000000204924ad	
#9202a8c04000641f800000002049b15b	
#9202a8c04000641f800000002049b167	
#9202a8c04000641f80000000000374ec	1941-09-10	Stephen Jay Gould	Queens
#9202a8c04000641f8000000000003bcf	1809-02-12	Abraham Lincoln	Hodgenville
#9202a8c04000641f80000000001cb5c3	1907-07-18	H. L. A. Hart	Harrogate
#9202a8c04000641f80000000081214c9	
#9202a8c04000641f8000000000152f09	1937-07-04	Thomas Nagel	Belgrade
#9202a8c04000641f8000000000155b14	1952	Christine Korsgaard	Chicago
#9202a8c04000641f800000000097bdef	1980-09-06	Joshua Cohen	Somers Point
#9202a8c04000641f8000000000ea471c	1980-06-15	David Lyons	Orange
#9202a8c04000641f80000000000642cb	1933-11-03	Amartya Sen	Santiniketan
#9202a8c04000641f80000000001bab1a	1931-12-11	Ronald Dworkin	Worcester
#9202a8c04000641f800000000037d14a	1962	Will Kymlicka	London
#9202a8c04000641f8000000000429deb	1954-05-08	Kwame Anthony Appiah	London
#9202a8c04000641f80000000055ce49f	1955-03-27	Susan Neiman	Atlanta
#9202a8c04000641f8000000000469117	1953	Thomas Pogge	
#9202a8c04000641f8000000000247f3f	1920-05-29	John Harsanyi	Budapest
#9202a8c04000641f80000000046fab12	1951	Joshua Cohen	
#9202a8c04000641f80000000002c133b	1953-03-05	Michael Sandel	Minneapolis
#9202a8c04000641f8000000012e76576		David Estlund	
#9202a8c04000641f80000000005f8e27	1941-04-14	Gerald Cohen	Montreal
#9202a8c04000641f80000000003449cd	1859-04-07	Jacques Loeb	Mayen
#9202a8c04000641f8000000000066435	1849-09-14	Ivan Pavlov	Ryazan
#9202a8c04000641f8000000006eb3d69	1916-10	Julian Rotter	Brooklyn
#9202a8c04000641f800000000db1cbd6	1957	Roberto Refinetti	São Paulo
#9202a8c04000641f8000000000d939b0	1956-02-11	Robert Lanza	Boston
#9202a8c04000641f8000000000b012af	1924-10-24	Ullin Place	Yorkshire
#9202a8c04000641f8000000020488df1	
#9202a8c04000641f80000000056b052c	1919-06-17	William Kaye Estes	Minneapolis
#9202a8c04000641f8000000007d55eaa	1844-02-25	Horace Mann Jr.	Boston
#9202a8c04000641f8000000000c27c15	1845-05-01	Charles Edwin Bessey	
#9202a8c04000641f80000000008a6fbd	1935-04-26	Charles Plymell	Finney County
#9202a8c04000641f800000000006503f	1955-05-19	James Gosling	Calgary
#9202a8c04000641f80000000041ee120	1965	John Giannandrea	Bridge of Allan
#9202a8c04000641f800000000000a4e0	1954-11-08	Bill Joy	Detroit
#9202a8c04000641f8000000005f3acaf		Jonathan Payne	Massachusetts
#9202a8c04000641f8000000006ac821a		Adam Doppelt	
#9202a8c04000641f80000000042ae834	1954	Guy Steele	Missouri
#9202a8c04000641f8000000000019238	1564-02-15	Galileo Galilei	Pisa
#9202a8c04000641f80000000074574ee		Jens Christensen	
#9202a8c04000641f8000000000486ace	1966-02-09	Don Hopkins	San Diego
#9202a8c04000641f8000000006ac6a2f	1998-02	Cosmo van Hoff	Palo Alto
#9202a8c04000641f8000000006ac6a36	2000-03	Emil van Hoff	Palo Alto
#9202a8c04000641f8000000006ac6a3d	
#9202a8c04000641f800000000002eba1	1871-10-30	Paul Valéry	Sète
#9202a8c04000641f800000000005f865	1848-11-08	Gottlob Frege	Wismar
#9202a8c04000641f800000000004c769	0204	Plotinus	Lycopolis
#9202a8c04000641f800000000545894b	
#9202a8c04000641f8000000005bca79b	
#9202a8c04000641f8000000000017a28	1857-11-26	Ferdinand de Saussure	Geneva
#9202a8c04000641f8000000000258fe1	1875-12-06	Evelyn Underhill	Wolverhampton
#9202a8c04000641f8000000000400432	1870-05-19	Nishida Kitaro	
#9202a8c04000641f800000000006c7ac	1891-01-22	Antonio Gramsci	Ales
#9202a8c04000641f800000000079650d		Brian Massumi	
#9202a8c04000641f8000000000064610	1883-02-18	Nikos Kazantzakis	Heraklion
#9202a8c04000641f800000000077d246	1924-10-02	Gilbert Simondon	Saint-Étienne
#9202a8c04000641f800000000036e71a	1877-03-11	Maurice Halbwachs	Reims
#9202a8c04000641f80000000000b4932	1899-04-13	Alfred Schütz	Vienna
#9202a8c04000641f8000000006b7bc2e	1924-01-20	Ramón Xirau	Barcelona
#9202a8c04000641f8000000000151643	1901-01-03	Eric Voegelin	Cologne
#9202a8c04000641f800000000014bf5b	1888-02-15	Kuki Shuzo	
#9202a8c04000641f80000000007a3fe8	1904-05-26	Necip Fazıl Kısakürek	Istanbul
#9202a8c04000641f8000000005690aef	1860-03-03	Albert Kahn	Marmoutier
#9202a8c04000641f80000000002f51c2	1847-11-02	Georges Sorel	Cherbourg-Octeville
#9202a8c04000641f800000000070c603	1883-03-17	Urmuz	Curtea de Argeş
#9202a8c04000641f80000000002b77a8	1889-12-07	Gabriel Marcel	Paris
#9202a8c04000641f800000000028cf91	1910	Michel Aflaq	Damascus
#9202a8c04000641f80000000006c0eee	1892-08-29	Alexandre Koyré	Taganrog
#9202a8c04000641f800000000034bd6f	1904-06-04	Georges Canguilhem	Castelnaudary
#9202a8c04000641f80000000001d5cef	1842-02-04	Georg Brandes	Copenhagen
#9202a8c04000641f800000000001d669	1828-03-20	Henrik Ibsen	Skien
#9202a8c04000641f8000000000061f26	1809-01-15	Pierre-Joseph Proudhon	Besançon
#9202a8c04000641f800000000006f5f4	1814-05-30	Mikhail Bakunin	Russia
#9202a8c04000641f8000000000120a2e	1921-01-14	Murray Bookchin	New York City
#9202a8c04000641f800000000030eea8	1893-12-04	Herbert Read	Kirkbymoorside
#9202a8c04000641f800000000086d865	1940-10-14	Takis Fotopoulos	Chios
#9202a8c04000641f80000000039f1b58	1828-09-09	Leo Tolstoy	Yasnaya Polyana
#9202a8c04000641f80000000001c47cf	1888-10-26	Nestor Makhno	Huliaipole
#9202a8c04000641f8000000000015277	1869-06-27	Emma Goldman	Kaunas
#9202a8c04000641f800000000002d2a2	1854-10-16	Oscar Wilde	Dublin
#9202a8c04000641f800000000006b7d7	1951-01-04	Bob Black	
#9202a8c04000641f800000000003ec41	1929-10-21	Ursula K. Le Guin	Berkeley
#9202a8c04000641f8000000005b795a2		Prince Alexei Petrovich Kropotkin	
#9202a8c04000641f800000000005aad1	1934-04-03	Jane Goodall	London
#9202a8c04000641f800000000013b5c7	1943-06-28	Donald Johanson	Chicago
#9202a8c04000641f8000000000024607	1903-08-07	Louis Leakey	Kenya
#9202a8c04000641f800000000003be49	1478-02-07	Thomas More	London
#9202a8c04000641f8000000000140b92	1804-07-28	Ludwig Andreas Feuerbach	Landshut
#9202a8c04000641f80000000000122a0	1265-06-01	Dante Alighieri	Florence
#9202a8c04000641f8000000000156e48	1715-02-26	Claude Adrien Helvétius	Paris
#9202a8c04000641f800000000001abf3	1343	Geoffrey Chaucer	London
#9202a8c04000641f80000000001d6921	1771-05-14	Robert Owen	Newtown
#9202a8c04000641f8000000000020b6f	1803-05-12	Justus von Liebig	Darmstadt
#9202a8c04000641f8000000004532eb0	
#9202a8c04000641f8000000005458a36	
#9202a8c04000641f8000000005458a9a	
#9202a8c04000641f80000000001afa91	1895-05-08	Edmund Wilson	Red Bank
#9202a8c04000641f8000000000024359	1879-11-07	Leon Trotsky	Kherson Oblast
#9202a8c04000641f800000000033acfc	1866-02-25	Benedetto Croce	Pescasseroli
#9202a8c04000641f80000000000898c5	1918-10-16	Louis Althusser	Birmendreïs
#9202a8c04000641f800000000054d7fe	1936-09-30	Nicos Poulantzas	Athens
#9202a8c04000641f8000000000009ee2	1898-02-10	Bertolt Brecht	Augsburg
#9202a8c04000641f80000000035e6def	1880-07-24	Ernest Bloch	Geneva
#9202a8c04000641f80000000001c94fb	1885-04-13	Georg Lukács	Budapest
#9202a8c04000641f800000000034e7b1	1902-04-28	Alexandre Kojève	Moscow
#9202a8c04000641f800000000024ce63	1855-01-16	Eleanor Marx	London
#9202a8c04000641f80000000007f6f39	1926-01-25	Elie Kedourie	
#9202a8c04000641f80000000001f150a	1948-11-05	Bernard-Henri Lévy	Beni Saf
#9202a8c04000641f80000000000bcb08	1930-08-01	Pierre Bourdieu	Denguin
#9202a8c04000641f800000000030fb9d	1930-09-28	Immanuel Wallerstein	New York City
#9202a8c04000641f80000000008cb454	1929-05-20	Charles Tilly	Lombard
#9202a8c04000641f8000000000514b4d	1926-11-05	John Berger	London Borough of Hackney
#9202a8c04000641f800000000009b196	1868-02-23	W.E.B. Du Bois	Great Barrington
#9202a8c04000641f800000000000e759	1908-11-28	Claude Lévi-Strauss	Brussels
#9202a8c04000641f800000000001fe4d	1878-12-18	Joseph Stalin	Gori
#9202a8c04000641f80000000000273d3	1893-12-26	Mao Zedong	Shaoshan
#9202a8c04000641f80000000000a44e2	1906-10-14	Hannah Arendt	Hanover
#9202a8c04000641f800000000013b720	1871-03-05	Rosa Luxemburg	Zamość
#9202a8c04000641f8000000000198a0d	1933-08-01	Antonio Negri	Padua
#9202a8c04000641f800000000002728f	1895-02-14	Max Horkheimer	Stuttgart
#9202a8c04000641f800000000004c856	1922-11-09	Imre Lakatos	Debrecen
#9202a8c04000641f800000000005a92b	1900-03-23	Erich Fromm	Frankfurt
#9202a8c04000641f80000000001325ad	1949-03-21	Slavoj Žižek	Ljubljana
#9202a8c04000641f8000000000159501	1897-03-24	Wilhelm Reich	Austria-Hungary
#9202a8c04000641f80000000001cdab3	1940	Jacques Rancière	Algiers
#9202a8c04000641f80000000001f7a61	1934-04-14	Fredric Jameson	Cleveland
#9202a8c04000641f8000000000236a73	1886-08-15	Karl Korsch	Tostedt
#9202a8c04000641f800000000026d44b	1932-02-03	Stuart Hall	Kingston
#9202a8c04000641f80000000002b9cd7	1885-07-08	Ernst Bloch	Ludwigshafen am Rhein
#9202a8c04000641f80000000002e509d	1935-10-06	Ernesto Laclau	Buenos Aires
#9202a8c04000641f8000000000326c02	1942-04-23	Étienne Balibar	Avallon
#9202a8c04000641f80000000003287b1	1937-01-17	Alain Badiou	Rabat
#9202a8c04000641f80000000003c8c0f	1910-05-01	Raya Dunayevskaya	Ukraine
#9202a8c04000641f80000000003fa11a	1828-12-09	Joseph Dietzgen	Hennef
#9202a8c04000641f80000000004fc54b	1918-11-19	Debiprasad Chattopadhyaya	Kolkata
#9202a8c04000641f80000000006d2db7	1926	Herbert McCabe	
#9202a8c04000641f800000000072b087	1879-10-20	Kawakami Hajime	Yamaguchi Prefecture
#9202a8c04000641f80000000007a3a3e	1941	José Guilherme Merquior	Rio de Janeiro
#9202a8c04000641f800000000087cca4	1945-08-28	Benny Lévy	Cairo
#9202a8c04000641f800000000095b6cf	1858-04-01	Gaetano Mosca	Palermo
#9202a8c04000641f80000000047c7770	1926-06-26	Karel Kosík	Prague
#9202a8c04000641f800000000013c545	1915-11-12	Roland Barthes	Cherbourg-Octeville
#9202a8c04000641f8000000008cfdd1f	1958-03-08	Alexander Tarasov	Moscow
#9202a8c04000641f800000000012562b	1931-12-28	Guy Debord	Paris
#9202a8c04000641f800000000014464a	1909-02-03	Simone Weil	Paris
#9202a8c04000641f8000000000188d9a	1924-08-10	Jean-François Lyotard	Versailles
#9202a8c04000641f800000000023359b	1941	Sean Matgamna	County Clare
#9202a8c04000641f8000000000308f3a	1925-11-19	Zygmunt Bauman	Poznań
#9202a8c04000641f8000000000313f66	1922-03-11	Cornelius Castoriadis	Constantinople
#9202a8c04000641f800000000036b920	1901-06-16	Henri Lefebvre	Hagetmau
#9202a8c04000641f80000000001c886b	1942-02-24	Gayatri Chakravorty Spivak	Kolkata
#9202a8c04000641f8000000000227639	1889-02-08	Siegfried Kracauer	Frankfurt
#9202a8c04000641f80000000005f826a	1944-01-21	Jack Abbott	Oscoda
#9202a8c04000641f80000000008f4ef7	1912-04-17	Thakazhi Sivasankara Pillai	Alappuzha
#9202a8c04000641f8000000000e12199	1897-05-10	Walter Lowenfels	
#9202a8c04000641f8000000000e3a136	1939	Samuel Bowles	New Haven
#9202a8c04000641f800000000576f80d	1926-09-01	Vijaydan Detha	
#9202a8c04000641f8000000006f775d8	1904-09-27	Edvard Kocbek	Sveti Jurij
#9202a8c04000641f8000000004689dcf	1925-07-25	Dasaradhi	Khammam
#9202a8c04000641f8000000009d446ae	1941	Werner Krieglstein	
#9202a8c04000641f80000000002fffa3	1929-01-09	Heiner Müller	Eppendorf
#9202a8c04000641f80000000002e20e9	1921-09-19	Paulo Freire	Recife
#9202a8c04000641f800000000078a9d1	1913-11-27	Lewis A. Coser	Berlin
#9202a8c04000641f80000000046c11d4	1845-09-26	Laura Marx	Brussels
#9202a8c04000641f8000000000cf61be	1844-05-01	Jenny Longuet	Paris
#9202a8c04000641f8000000005893b1f	
#9202a8c04000641f80000000000142ec	1731-12-12	Erasmus Darwin	Newark-on-Trent
#9202a8c04000641f800000000584a06a	1740	Mary Howard	
#9202a8c04000641f800000000074fb61	1804-12-29	Erasmus Alvey Darwin	
#9202a8c04000641f800000000b5d2031	
#9202a8c04000641f80000000000213c3	1730-07-12	Josiah Wedgwood	Burslem
#9202a8c04000641f800000000584a031		Sarah Wedgwood	
#9202a8c04000641f800000000b34e831	
#9202a8c04000641f80000000000e1ee4	1877-10-25	Henry Norris Russell	Oyster Bay
#9202a8c04000641f8000000005862a1f		Margaret Elizabeth Darwin	
#9202a8c04000641f8000000000371cd0	1885-08-26	Gwen Raverat	
#9202a8c04000641f8000000000280c9d	1887-12-18	Charles Galton Darwin	Cambridge
#9202a8c04000641f80000000006e7a3b	1831-01-20	Edward Routh	Québec
#9202a8c04000641f800000000018a150	1730-08-27	Johann Georg Hamann	Königsberg
#9202a8c04000641f80000000000078d4	1471-05-21	Albrecht Dürer	Nuremberg
#9202a8c04000641f800000000005430b	
#9202a8c04000641f8000000000143687	1768-11-21	Friedrich Daniel Ernst Schleiermacher	Wrocław
#9202a8c04000641f80000000000246b1	1713-11-24	Laurence Sterne	Clonmel
#9202a8c04000641f80000000002d5a87	1703-09-16	Guillaume François Rouelle	Mathieu, Calvados
#9202a8c04000641f80000000054588ce	
#9202a8c04000641f800000000545898c	
#9202a8c04000641f8000000003bffac2	1896-02-19	André Breton	Tinchebray
#9202a8c04000641f800000000002019a	1775-12-16	Jane Austen	Steventon
#9202a8c04000641f800000000001c0f5	1707-04-22	Henry Fielding	Sharpham
#9202a8c04000641f80000000001e1473	1940-02-09	John Maxwell Coetzee	Cape Town
#9202a8c04000641f80000000000738e8	1653-09-01	Johann Pachelbel	Nuremberg
#9202a8c04000641f800000000000572f	1678-03-04	Antonio Vivaldi	Venice
#9202a8c04000641f800000000004098a	1756-01-27	Wolfgang Amadeus Mozart	Salzburg
#9202a8c04000641f8000000000024425	1770-12-17	Ludwig van Beethoven	Bonn
#9202a8c04000641f80000000000172a9	1810-03-01	Frédéric Chopin	Żelazowa Wola
#9202a8c04000641f80000000000891cd	1809-02-03	Felix Mendelssohn-Bartholdy	Hamburg
#9202a8c04000641f8000000006ebc3a6	1939-03-26	Guram Dochanashvili	Tbilisi
#9202a8c04000641f8000000000910c6e	1645-02-24	Johann Ambrosius Bach	Erfurt
#9202a8c04000641f8000000000aea0e8	1644-02-24	Maria Elisabetha Lämmerhirt	
#9202a8c04000641f8000000013960c2e	
#9202a8c04000641f8000000013960c33	
#9202a8c04000641f8000000013960c6d	
#9202a8c04000641f8000000000191de6	1710-11-22	Wilhelm Friedemann Bach	Weimar
#9202a8c04000641f800000000006f740	1714-03-08	Carl Philipp Emanuel Bach	Weimar
#9202a8c04000641f8000000000191e04	1732-06-21	Johann Christoph Friedrich Bach	Leipzig
#9202a8c04000641f8000000000191e14	1735-09-05	Johann Christian Bach	Leipzig
#9202a8c04000641f800000001329679a	1708	Catharina Dorothea Bach	
#9202a8c04000641f8000000013297579	1713	J. Christoph Bach	
#9202a8c04000641f8000000013297abd	1713	Maria Sophia Bach	
#9202a8c04000641f8000000013298e39	1718	Leopold Augustus Bach	
#9202a8c04000641f80000000132998c3	1723	Christiana Sophia Henrietta Bach	
#9202a8c04000641f8000000004767c93	1724-02-26	Gottfried Heinrich Bach	
#9202a8c04000641f800000001329b8da	1725	Christian Gottlieb Bach	
#9202a8c04000641f800000001329c560	1726	Elisabeth Juliana Friederica Bach	
#9202a8c04000641f800000001329cd9a	1727	Ernestus Andreas Bach	
#9202a8c04000641f800000001329d5c5	1728	Regina Johanna Bach	
#9202a8c04000641f800000001329dde9	1730	Christiana Benedicta Louisa Bach	
#9202a8c04000641f800000001329ec1d	1731	Christiana Dorothea Bach	
#9202a8c04000641f80000000132a0f5a	1733	J. August Abraham Bach	
#9202a8c04000641f80000000132a1d04	1737	Johanna Carolina Bach	
#9202a8c04000641f80000000132a24ed	1742	Regina Susanna Bach	
#9202a8c04000641f8000000000191df6	1715-05-11	Johann Gottfried Bernhard Bach	Weimar
#9202a8c04000641f8000000020488422	
#9202a8c04000641f8000000020488449	
#9202a8c04000641f8000000000030fe9	0045	Plutarch	Chaeronea
#9202a8c04000641f800000000000dcfe	1564-02-26	Christopher Marlowe	Canterbury
#9202a8c04000641f80000000000303bd	-0253	Plautus	Sarsina
#9202a8c04000641f800000000003c667		Terence	Carthage
#9202a8c04000641f80000000000595e0	1558-11-06	Thomas Kyd	London
#9202a8c04000641f800000000004b593	-0042-03-20	Ovid	Sulmona
#9202a8c04000641f8000000006b65b9c	1572	John Pory	England
#9202a8c04000641f8000000000087d1d	-0003	Seneca the Younger	Córdoba
#9202a8c04000641f800000000003f5ee		Virgil	Andes
#9202a8c04000641f8000000000014ad0	1552	Edmund Spenser	London
#9202a8c04000641f800000000003a362	1772-10-21	Samuel Taylor Coleridge	Ottery St Mary
#9202a8c04000641f800000000005f3d6	1572-06-11	Ben Jonson	Westminster
#9202a8c04000641f80000000009325ac	1935-11-01	Edward Said	Jerusalem
#9202a8c04000641f8000000000018485	1888-06-13	Fernando Pessoa	Lisboa
#9202a8c04000641f8000000000038f46	1915-06-10	Saul Bellow	Lachine
#9202a8c04000641f800000000023cba4	1899-07-21	Hart Crane	Garrettsville
#9202a8c04000641f800000000007109e	1809-08-06	Alfred Tennyson, 1st Baron Tennyson	Lincolnshire
#9202a8c04000641f800000000001c39b	1819-08-01	Herman Melville	New York City
#9202a8c04000641f8000000000004aef	1926-06-03	Allen Ginsberg	Newark
#9202a8c04000641f80000000000203f9	1932-03-18	John Updike	Reading
#9202a8c04000641f8000000000020475	1572-01-22	John Donne	London
#9202a8c04000641f800000000003b84a	1888-09-26	T. S. Eliot	St. Louis
#9202a8c04000641f80000000000402e3	1882-01-25	Virginia Woolf	London
#9202a8c04000641f8000000000061212	1917-02-25	Anthony Burgess	Harpurhey
#9202a8c04000641f800000000009a8bc	1930-10-10	Harold Pinter	London Borough of Hackney
#9202a8c04000641f800000000021183c	1880-03-30	Seán O'Casey	Dublin
#9202a8c04000641f800000000003416b	1920-08-22	Ray Bradbury	Waukegan
#9202a8c04000641f800000000003751a	1771-08-15	Walter Scott	Edinburgh
#9202a8c04000641f80000000000731d6	1919-07-15	Iris Murdoch	Dublin
#9202a8c04000641f80000000001fcf06	1813-10-17	Georg Büchner	Darmstadt
#9202a8c04000641f8000000000313242	1934-08-05	Wendell Berry	Henry County
#9202a8c04000641f8000000000c6b959	1923-05-07	Julius Thomas Fraser	
#9202a8c04000641f8000000006aea0f7	1950-07-24	Len Cabral	North Providence
#9202a8c04000641f8000000006bf9034	1959-12-21	Martin Meenan	Creggan, Derry
#9202a8c04000641f800000000737228a	1882-08-03	Alojz Gradnik	Medana
#9202a8c04000641f8000000008766a45	1949-02-03	Rick Hautala	Rockport
#9202a8c04000641f800000000001c120	1805-04-02	Hans Christian Andersen	Odense
#9202a8c04000641f8000000000020564	1939-10-27	John Cleese	Weston-super-Mare
#9202a8c04000641f8000000000032074	1947-02-03	Paul Auster	Newark
#9202a8c04000641f80000000000636f6	1939-04-19	Seamus Heaney	Castledawson
#9202a8c04000641f80000000006098a0	1951-09-20	Javier Marías	Madrid
#9202a8c04000641f8000000000608ab0	1960-11-03	William Monahan	Boston
#9202a8c04000641f800000000077e41b	1896	Hugo Dyson	
#9202a8c04000641f80000000008aca1c	1882-07-22	Frederic Manning	Sydney
#9202a8c04000641f8000000000b27d33	1973-12-24	Stephenie Meyer	Hartford
#9202a8c04000641f800000000461931b	1943-08-03	Steven Millhauser	New York City
#9202a8c04000641f8000000004839513	1951-05-03	W. H. Pugmire	
#9202a8c04000641f80000000056b8501	1975-03-03	Jason Smilovic	
#9202a8c04000641f8000000006f985cb	1807-08-19	Jane C. Loudon	Birmingham
#9202a8c04000641f8000000009edc363	1923-05-12	Giovanni Testori	Novate Milanese
#9202a8c04000641f8000000000133f52	1922-03-05	Pier Paolo Pasolini	Bologna
#9202a8c04000641f80000000001c9bbb	1896-10-12	Eugenio Montale	Genoa
#9202a8c04000641f8000000000806c83	1920-03-20	Vasant Kanetkar	Rahimatpur
#9202a8c04000641f800000000bd408de	1700-09-11	James Thomson	Ednam
#9202a8c04000641f800000000c48c946		Ysabeau S. Wilce	Northern California
#9202a8c04000641f80000000057ce33d	
#9202a8c04000641f8000000000004d40	1941-10-04	Anne Rice	New Orleans
#9202a8c04000641f80000000001917bc	1793-07-13	John Clare	Helpston
#9202a8c04000641f800000000024a10f	1964-06-22	Dan Brown	Exeter
#9202a8c04000641f8000000000d7d6f6	1977-04-11	John Most	Covington city
#9202a8c04000641f80000000076c05d6	1986-01-26	Barak Michener	
#9202a8c04000641f8000000009d9b11b	1885-04-17	Karen Blixen	
#9202a8c04000641f800000000003b7ec	1947-04-12	Tom Clancy	Baltimore County
#9202a8c04000641f80000000001d7c0a	1933-07-20	Cormac McCarthy	Providence
#9202a8c04000641f80000000056edfcf	1979-01-07	Burleigh Smith	Sydney
#9202a8c04000641f8000000000017489	1910-12-24	Fritz Leiber	Chicago
#9202a8c04000641f80000000057069bb	1973-06-06	Patrick Rothfuss	Madison
#9202a8c04000641f8000000000155392	1850-01-15	Mihai Eminescu	Botoşani
#9202a8c04000641f8000000003a78126	1802-02-26	Victor Hugo	Besançon
#9202a8c04000641f80000000001391cd	1959-08-17	Jonathan Franzen	Western Springs
#9202a8c04000641f8000000004608fcf	1934-10-12	Oğuz Atay	Istanbul
#9202a8c04000641f80000000001e276e	1796-09-19	Hartley Coleridge	Bristol
#9202a8c04000641f8000000000074b07	1812-05-07	Robert Browning	Camberwell
#9202a8c04000641f800000000017ad3f	1949-01-12	Haruki Murakami	Kyoto
#9202a8c04000641f8000000003ac11a3	1946-01-06	Syd Barrett	Cambridge
#9202a8c04000641f80000000001c6716	1531	John Shakespeare	Stratford-upon-Avon
#9202a8c04000641f80000000001e3967	1537	Mary Arden	Stratford-upon-Avon
#9202a8c04000641f8000000000b0736a	1583-05-26	Susanna Hall	Stratford-upon-Avon
#9202a8c04000641f800000000466288c	1585-02-02	Hamnet Shakespeare	Stratford-upon-Avon
#9202a8c04000641f80000000057b5ffb	1585-02-02	Judith Quiney	
#9202a8c04000641f8000000005bcdb33	
#9202a8c04000641f8000000000004d23	0980	Avicenna	Bukhara
#9202a8c04000641f8000000000027225	1135	Maimonides	Córdoba
#9202a8c04000641f800000000001b10d	1548	Giordano Bruno	Nola
#9202a8c04000641f80000000001747af	-0569	Xenophanes	Colophon
#9202a8c04000641f8000000000358fbb	1340	Hasdai Crescas	
#9202a8c04000641f80000000002143f0	1901-12-11	Michael Oakeshott	Chelsfield
#9202a8c04000641f8000000000019419	1762-05-19	Johann Gottlieb Fichte	Rammenau
#9202a8c04000641f80000000001b9af7	1917-03-06	Donald Davidson	Springfield
#9202a8c04000641f80000000002af61b	1960	Michael Hardt	
#9202a8c04000641f800000000004c3de	1815-11-02	George Boole	Lincoln
#9202a8c04000641f8000000000395d2d	1830-03-28	Christoph von Sigwart	Tübingen
#9202a8c04000641f800000000047cb97	1923-12-27	Richard Popkin	New York City
#9202a8c04000641f80000000056fcb07	1908-02-19	Errol Harris	
#9202a8c04000641f8000000000332db3	1914-10-01	Stuart Hampshire	
#9202a8c04000641f800000000b52fa7f	1924	Gustavo Bueno	La Rioja
#9202a8c04000641f800000000034e81b	1912-01-27	Arne Næss	Oslo
#9202a8c04000641f80000000006a9906	1938	William E. Connolly	Flint
#9202a8c04000641f80000000003efb6a	1944-02-27	Roger Scruton	
#9202a8c04000641f800000000002dbda	1928-12-16	Philip K. Dick	Chicago
#9202a8c04000641f800000001c521203		François Noudelmann	
#9202a8c04000641f800000000001fb9a	1902-11-21	Isaac Bashevis Singer	Leoncin
#9202a8c04000641f800000000000aab4	1872-05-18	Bertrand Russell	Trellech
#9202a8c04000641f8000000006fa3ab9	1930-09-20	T. K. Seung	Chungju
#9202a8c04000641f800000000005f5e6	1688-05-21	Alexander Pope	London
#9202a8c04000641f8000000000247e43	1959-10-07	Steven Erikson	Toronto
#9202a8c04000641f8000000000027215	1547-09-29	Miguel de Cervantes	Alcalá de Henares
#9202a8c04000641f80000000000942b6	1950-06-21	Anne Carson	Toronto
#9202a8c04000641f800000000008a370	1524	Luís de Camões	Coimbra
#9202a8c04000641f8000000000355dfd	1933-03-31	Nichita Stănescu	Ploieşti
#9202a8c04000641f80000000003b3852	1977-02-21	Jonathan Safran Foer	Washington, D.C.
#9202a8c04000641f800000000005f8c1	1922-11-16	José Saramago	Azinhaga
#9202a8c04000641f8000000000013ae1	1930-01-23	Derek Walcott	Castries
#9202a8c04000641f800000000dea1948	1977-11-27	Geet Chaturvedi	Mumbai
#9202a8c04000641f800000000007c924	1583-04-10	Hugo Grotius	Delft
#9202a8c04000641f80000000001488da	1632-01-08	Samuel von Pufendorf	Zwönitz
#9202a8c04000641f8000000000166d00	1804-12-10	Carl Gustav Jakob Jacobi	Potsdam
#9202a8c04000641f800000000003c772	1737-01-29	Thomas Paine	Thetford
#9202a8c04000641f800000000040e702	1878-04-15	Robert Walser	Biel/Bienne
#9202a8c04000641f800000000026c57c	1812-04-06	Alexander Herzen	Moscow
#9202a8c04000641f8000000000918460	1802-01-06	Ion Heliade Rădulescu	Târgovişte
#9202a8c04000641f8000000005e39e59	1895	Shai Bernstein	Luhansk
#9202a8c04000641f8000000000365e31	1881-01-17	Alfred Radcliffe-Brown	Birmingham
#9202a8c04000641f8000000000ea9de9	1870-08-31	Maria Montessori	Chiaravalle
#9202a8c04000641f800000000012e90d	1805-07-29	Alexis de Tocqueville	Verneuil-sur-Seine
#9202a8c04000641f800000000003ad58	1743-04-13	Thomas Jefferson	Albemarle County
#9202a8c04000641f80000000004c1b86	1744-08-11	Tomás Antônio Gonzaga	Miragaia
#9202a8c04000641f8000000014af4326	1961	Liu Junning	Anhui
#9202a8c04000641f80000000000af0ed	1943	John Zerzan	Salem
#9202a8c04000641f800000000055e843	1939-08-02	Benjamin Barber	
#9202a8c04000641f8000000000c42ec8		Seyhan Kurt	France
#9202a8c04000641f80000000002246c1	1888-07-11	Carl Schmitt	Plettenberg
#9202a8c04000641f8000000005458b1c	
#9202a8c04000641f8000000000e0f5aa	1788-03-01	Gheorghe Asachi	Hertsa
#9202a8c04000641f80000000081213ed	1881	Panait Cerna	Cerna, Tulcea
#9202a8c04000641f80000000192bf3cf	
#9202a8c04000641f80000000054588bf	
#9202a8c04000641f8000000005458ad1	
#9202a8c04000641f8000000006e9409b	
#9202a8c04000641f8000000000151546	1817-05-21	Rudolf Hermann Lotze	Bautzen
#9202a8c04000641f8000000000266792	1846-01-30	F. H. Bradley	London Borough of Lambeth
#9202a8c04000641f80000000002146a6	1947-04-29	Olavo de Carvalho	Campinas
#9202a8c04000641f80000000004e2441	1916-06-22	Emil Fackenheim	Halle
#9202a8c04000641f80000000000247f5	1807-05-28	Louis Agassiz	Montier
#9202a8c04000641f8000000000122c34	1907-03-13	Mircea Eliade	Bucharest
#9202a8c04000641f800000002048341e	
#9202a8c04000641f8000000000071e2b	1924-01-13	Paul Feyerabend	Vienna
#9202a8c04000641f8000000000059c9e	1729-09-06	Moses Mendelssohn	Dessau
#9202a8c04000641f80000000204914e3	
#9202a8c04000641f800000000009876c	1266	Duns Scotus	Scotland
#9202a8c04000641f8000000000412b90	1548-01-05	Francisco Suárez	Granada
#9202a8c04000641f80000000001ee8e5	1406	Lorenzo Valla	Rome
#9202a8c04000641f8000000000006cdb	0354-11-13	Augustine of Hippo	Tagaste
#9202a8c04000641f80000000000af9ef	0056	Tacitus	
#9202a8c04000641f8000000000158318	1584-12-16	John Selden	Sussex
#9202a8c04000641f800000000003c545	1225-01-28	Thomas Aquinas	Aquino
#9202a8c04000641f8000000000027490	1911-07-21	Marshall McLuhan	Edmonton
#9202a8c04000641f800000000009f6bf	1912-07-14	Northrop Frye	Sherbrooke
#9202a8c04000641f8000000000033dd0	1932-01-18	Robert Anton Wilson	Brooklyn
#9202a8c04000641f80000000001b3f98	1898-05-19	Julius Evola	Rome
#9202a8c04000641f800000000087b07c	1809-05-06	Juan Donoso Cortés	Valle de la Serena
#9202a8c04000641f8000000000169b55	1753-04-01	Joseph de Maistre	Chambéry
#9202a8c04000641f8000000000130ab4	1768-09-04	François-René de Chateaubriand	Saint-Malo
#9202a8c04000641f800000000015fde8	1142	Attar	Nishapur
#9202a8c04000641f80000000045e6aa9	1184	Saadi	Shiraz
#9202a8c04000641f800000000015b8b9	1165-07-28	Ibn Arabi	Murcia
#9202a8c04000641f800000000023fc04	1141	Nezami	Ganja
#9202a8c04000641f80000000005fcb8f		Sanai	Ghazni
#9202a8c04000641f800000000029fd8f	1899-05-25	Kazi Nazrul Islam	Churulia
#9202a8c04000641f8000000000129b5e	-0341	Menander	
#9202a8c04000641f80000000000064cf	0120	Apuleius	Madaurus
#9202a8c04000641f8000000000344725	1465	Gil Vicente	Guimarães
#9202a8c04000641f8000000000015eb6	1469-10-27	Desiderius Erasmus	Rotterdam
#9202a8c04000641f800000000005a172	1798-06-29	Giacomo Leopardi	Recanati
#9202a8c04000641f8000000000024375	1788-01-22	George Gordon Noel Byron, 6th Baron Byron	London Borough of Harrow
#9202a8c04000641f800000000014ad2b	1814-10-15	Mikhail Lermontov	Moscow
#9202a8c04000641f800000000001c5d8		Horace	Venosa
#9202a8c04000641f8000000000191485	1948-03-26	Erica Jong	New York City
#9202a8c04000641f80000000000636e9	1883-09-17	William Carlos Williams	Rutherford
#9202a8c04000641f800000000005860f	1885-10-30	Ezra Pound	Hailey
#9202a8c04000641f800000000003899a	1814-08-28	Sheridan Le Fanu	Dublin
#9202a8c04000641f8000000000082124	1774-08-12	Robert Southey	Bristol
#9202a8c04000641f8000000000137168	1790-10-21	Alphonse de Lamartine	Mâcon
#9202a8c04000641f800000000000ddd7	1821-04-09	Charles Baudelaire	Paris
#9202a8c04000641f800000000011a154	1825-05-01	George Inness	Newburgh
#9202a8c04000641f80000000003999ec	1878-11-14	Leopold Staff	Lviv
#9202a8c04000641f8000000000b6793f	1869-05-24	Ivan Aguéli	Sala
#9202a8c04000641f800000000001d6bc	1880-06-27	Helen Keller	Tuscumbia
#9202a8c04000641f8000000006d38398	1757-11-28	William Blake	London
#9202a8c04000641f80000000003c667a	1835-02-08	Eduardo Pondal	Ponteceso
#9202a8c04000641f8000000000358795	1735-03-20	Torbern Bergman	Kateřinky
#9202a8c04000641f8000000000255108	1722-01-03	Fredric Hasselquist	Linköping Municipality
#9202a8c04000641f8000000000790bc9	1739-04-10	Domenico Cirillo	Grumo Nevano
#9202a8c04000641f8000000000541621	1745-01-16	Antonio José Cavanilles	Valencia
#9202a8c04000641f800000000000724b	1033	Anselm of Canterbury	Aosta
#9202a8c04000641f800000000015a388	1332-05-27	Ibn Khaldun	Tunis
#9202a8c04000641f8000000004532ea9	
#9202a8c04000641f8000000000020f2e	1901-04-13	Jacques Lacan	Paris
#9202a8c04000641f8000000000076151	1880-08-26	Guillaume Apollinaire	Rome
#9202a8c04000641f80000000008166f8	1883-03-28	Ivan Ilyin	Moscow
#9202a8c04000641f8000000000017e0e	1952-10-27	Francis Fukuyama	Chicago
#9202a8c04000641f800000000017ad4f	1886-05-10	Karl Barth	Basel
#9202a8c04000641f800000000025dee7	1926-04-08	Jürgen Moltmann	Hamburg
#9202a8c04000641f80000000002daea1	1833-11-19	Wilhelm Dilthey	Wiesbaden-Biebrich
#9202a8c04000641f800000000040f780	1924-01-01	Arthur Danto	Ann Arbor
#9202a8c04000641f800000000014b7c0	1917-12-20	David Bohm	Wilkes-Barre
#9202a8c04000641f8000000000168aeb	1942-03-07	John McDowell	Boksburg, Gauteng
#9202a8c04000641f80000000002d3e5e	1842-02-23	Karl Robert Eduard von Hartmann	Berlin
#9202a8c04000641f8000000000358ffa	1866-09-03	J. M. E. McTaggart	London
#9202a8c04000641f800000000038e5ce	1950-03-13	Robert Brandom	
#9202a8c04000641f80000000009a793b	1926-02-01	Leonardo Polo	Madrid
#9202a8c04000641f8000000000cbe0c9	1948-09-14	Robert B. Pippin	Portsmouth
